{
    "name": "root",
    "gauges": {
        "playerMLAgent.Policy.Entropy.mean": {
            "value": 1.5250608921051025,
            "min": 0.8356561660766602,
            "max": 1.7742011547088623,
            "count": 117
        },
        "playerMLAgent.Policy.Entropy.sum": {
            "value": 76187.46875,
            "min": 41771.109375,
            "max": 88626.671875,
            "count": 117
        },
        "playerMLAgent.Step.mean": {
            "value": 9099966.0,
            "min": 3299972.0,
            "max": 9099966.0,
            "count": 117
        },
        "playerMLAgent.Step.sum": {
            "value": 9099966.0,
            "min": 3299972.0,
            "max": 9099966.0,
            "count": 117
        },
        "playerMLAgent.Policy.ExtrinsicValueEstimate.mean": {
            "value": 5.571651458740234,
            "min": -0.6748225092887878,
            "max": 7.398966312408447,
            "count": 117
        },
        "playerMLAgent.Policy.ExtrinsicValueEstimate.sum": {
            "value": 4384.8896484375,
            "min": -531.0853271484375,
            "max": 5822.986328125,
            "count": 117
        },
        "playerMLAgent.Losses.PolicyLoss.mean": {
            "value": 0.02387861002391825,
            "min": 0.019546535962726923,
            "max": 0.0278741556002448,
            "count": 117
        },
        "playerMLAgent.Losses.PolicyLoss.sum": {
            "value": 0.11939305011959125,
            "min": 0.06309360618858288,
            "max": 0.139370778001224,
            "count": 117
        },
        "playerMLAgent.Losses.ValueLoss.mean": {
            "value": 2.6798401912053427,
            "min": 0.9420155470569928,
            "max": 5.126262693405151,
            "count": 117
        },
        "playerMLAgent.Losses.ValueLoss.sum": {
            "value": 13.399200956026714,
            "min": 3.768062188227971,
            "max": 25.631313467025755,
            "count": 117
        },
        "playerMLAgent.Policy.LearningRate.mean": {
            "value": 0.0002945565524544831,
            "min": 0.0002945565524544831,
            "max": 0.0002980302290565905,
            "count": 117
        },
        "playerMLAgent.Policy.LearningRate.sum": {
            "value": 0.0014727827622724155,
            "min": 0.0008940906871697716,
            "max": 0.0014900276151241297,
            "count": 117
        },
        "playerMLAgent.Policy.Epsilon.mean": {
            "value": 0.19818551688,
            "min": 0.19818551688,
            "max": 0.19934340946666662,
            "count": 117
        },
        "playerMLAgent.Policy.Epsilon.sum": {
            "value": 0.9909275844,
            "min": 0.5980302283999999,
            "max": 0.9966758705999998,
            "count": 117
        },
        "playerMLAgent.Policy.Beta.mean": {
            "value": 0.004909457292312,
            "min": 0.004909457292312,
            "max": 0.004967236132386667,
            "count": 117
        },
        "playerMLAgent.Policy.Beta.sum": {
            "value": 0.02454728646156,
            "min": 0.014901708397159999,
            "max": 0.02483412594294,
            "count": 117
        },
        "playerMLAgent.Environment.EpisodeLength.mean": {
            "value": 3960.8333333333335,
            "min": 3235.0,
            "max": 3999.0,
            "count": 117
        },
        "playerMLAgent.Environment.EpisodeLength.sum": {
            "value": 47530.0,
            "min": 23651.0,
            "max": 58658.0,
            "count": 117
        },
        "playerMLAgent.Enemies.EnemiesKilled.mean": {
            "value": 130.0,
            "min": 37.0,
            "max": 165.0,
            "count": 109
        },
        "playerMLAgent.Enemies.EnemiesKilled.sum": {
            "value": 130.0,
            "min": 37.0,
            "max": 894.0,
            "count": 109
        },
        "playerMLAgent.Distance.DistanceCovered.mean": {
            "value": 130.0,
            "min": 37.0,
            "max": 165.0,
            "count": 109
        },
        "playerMLAgent.Distance.DistanceCovered.sum": {
            "value": 130.0,
            "min": 37.0,
            "max": 894.0,
            "count": 109
        },
        "playerMLAgent.Environment.CumulativeReward.mean": {
            "value": 253.54833807547888,
            "min": 83.71467039684454,
            "max": 275.63846467779234,
            "count": 117
        },
        "playerMLAgent.Environment.CumulativeReward.sum": {
            "value": 3042.5800569057465,
            "min": 1174.6000230163336,
            "max": 3689.1200441531837,
            "count": 117
        },
        "playerMLAgent.Policy.ExtrinsicReward.mean": {
            "value": 253.54833807547888,
            "min": 83.71467039684454,
            "max": 275.63846467779234,
            "count": 117
        },
        "playerMLAgent.Policy.ExtrinsicReward.sum": {
            "value": 3042.5800569057465,
            "min": 1174.6000230163336,
            "max": 3689.1200441531837,
            "count": 117
        },
        "playerMLAgent.IsTraining.mean": {
            "value": 1.0,
            "min": 1.0,
            "max": 1.0,
            "count": 117
        },
        "playerMLAgent.IsTraining.sum": {
            "value": 1.0,
            "min": 1.0,
            "max": 1.0,
            "count": 117
        }
    },
    "metadata": {
        "timer_format_version": "0.1.0",
        "start_time_seconds": "1732060689",
        "python_version": "3.9.13 (tags/v3.9.13:6de2ca5, May 17 2022, 16:36:42) [MSC v.1929 64 bit (AMD64)]",
        "command_line_arguments": "E:\\Unity\\GitHub\\topdown-shooter\\venv\\Scripts\\mlagents-learn config\\playerMLAgent.yaml --run-id=MLAgentDefault --env=builds\\serverBuild\\gangplank --num-envs=8 --resume",
        "mlagents_version": "0.30.0",
        "mlagents_envs_version": "0.30.0",
        "communication_protocol_version": "1.5.0",
        "pytorch_version": "2.5.1+cpu",
        "numpy_version": "1.21.2",
        "end_time_seconds": "1732078422"
    },
    "total": 17732.8636954,
    "count": 1,
    "self": 10.793338199997379,
    "children": {
        "run_training.setup": {
            "total": 2.4172205000000027,
            "count": 1,
            "self": 2.4172205000000027
        },
        "TrainerController.start_learning": {
            "total": 17719.653136700003,
            "count": 1,
            "self": 39.067823199147824,
            "children": {
                "TrainerController._reset_env": {
                    "total": 28.6154691,
                    "count": 1,
                    "self": 28.6154691
                },
                "TrainerController.advance": {
                    "total": 17651.699507400852,
                    "count": 875523,
                    "self": 29.11583640079698,
                    "children": {
                        "env_step": {
                            "total": 15422.640976899838,
                            "count": 875523,
                            "self": 3032.825496997879,
                            "children": {
                                "SubprocessEnvManager._take_step": {
                                    "total": 12338.124347301653,
                                    "count": 5858455,
                                    "self": 544.562610001356,
                                    "children": {
                                        "TorchPolicy.evaluate": {
                                            "total": 11793.561737300297,
                                            "count": 5857215,
                                            "self": 11793.561737300297
                                        }
                                    }
                                },
                                "workers": {
                                    "total": 51.69113260030711,
                                    "count": 875522,