{
    "name": "root",
    "gauges": {
        "playerMLAgent.Policy.Entropy.mean": {
            "value": 1.4206154346466064,
            "min": 1.1142107248306274,
            "max": 1.969234585762024,
            "count": 10
        },
        "playerMLAgent.Policy.Entropy.sum": {
            "value": 71030.7734375,
            "min": 55710.53515625,
            "max": 98461.7265625,
            "count": 10
        },
        "playerMLAgent.Step.mean": {
            "value": 499984.0,
            "min": 49984.0,
            "max": 499984.0,
            "count": 10
        },
        "playerMLAgent.Step.sum": {
            "value": 499984.0,
            "min": 49984.0,
            "max": 499984.0,
            "count": 10
        },
        "playerMLAgent.Policy.ExtrinsicValueEstimate.mean": {
            "value": 0.03843291103839874,
            "min": -0.13932020962238312,
            "max": 3.40022349357605,
            "count": 10
        },
        "playerMLAgent.Policy.ExtrinsicValueEstimate.sum": {
            "value": 30.74633026123047,
            "min": -111.45616912841797,
            "max": 2720.1787109375,
            "count": 10
        },
        "playerMLAgent.Environment.EpisodeLength.mean": {
            "value": 1999.0,
            "min": 1999.0,
            "max": 1999.0,
            "count": 10
        },
        "playerMLAgent.Environment.EpisodeLength.sum": {
            "value": 49975.0,
            "min": 49975.0,
            "max": 49975.0,
            "count": 10
        },
        "playerMLAgent.Environment.CumulativeReward.mean": {
            "value": -1.0511999401450156,
            "min": -12.547498805914074,
            "max": -0.8919999025762081,
            "count": 10
        },
        "playerMLAgent.Environment.CumulativeReward.sum": {
            "value": -26.279998503625393,
            "min": -301.1399713419378,
            "max": -22.299997564405203,
            "count": 10
        },
        "playerMLAgent.Policy.ExtrinsicReward.mean": {
            "value": -1.0511999401450156,
            "min": -12.547498805914074,
            "max": -0.8919999025762081,
            "count": 10
        },
        "playerMLAgent.Policy.ExtrinsicReward.sum": {
            "value": -26.279998503625393,
            "min": -301.1399713419378,
            "max": -22.299997564405203,
            "count": 10
        },
        "playerMLAgent.Losses.PolicyLoss.mean": {
            "value": 0.02200272267839561,
            "min": 0.021406568065285684,
            "max": 0.025090517214266583,
            "count": 10
        },
        "playerMLAgent.Losses.PolicyLoss.sum": {
            "value": 0.11001361339197804,
            "min": 0.08871852674443895,
            "max": 0.12067037020266677,
            "count": 10
        },
        "playerMLAgent.Losses.ValueLoss.mean": {
            "value": 0.013688006056472659,
            "min": 0.013688006056472659,
            "max": 0.11745798508636654,
            "count": 10
        },
        "playerMLAgent.Losses.ValueLoss.sum": {
            "value": 0.0684400302823633,
            "min": 0.0684400302823633,
            "max": 0.46983194034546616,
            "count": 10
        },
        "playerMLAgent.Policy.LearningRate.mean": {
            "value": 1.6882654372479995e-05,
            "min": 1.6882654372479995e-05,
            "max": 0.000284616005128,
            "count": 10
        },
        "playerMLAgent.Policy.LearningRate.sum": {
            "value": 8.441327186239998e-05,
            "min": 8.441327186239998e-05,
            "max": 0.0012846048717983997,
            "count": 10
        },
        "playerMLAgent.Policy.Epsilon.mean": {
            "value": 0.10562752,
            "min": 0.10562752,
            "max": 0.194872,
            "count": 10
        },
        "playerMLAgent.Policy.Epsilon.sum": {
            "value": 0.5281376,
            "min": 0.5004736000000001,
            "max": 0.9282016000000001,
            "count": 10
        },
        "playerMLAgent.Policy.Beta.mean": {
            "value": 0.000290813248,
            "min": 0.000290813248,
            "max": 0.004744112799999999,
            "count": 10
        },
        "playerMLAgent.Policy.Beta.sum": {
            "value": 0.00145406624,
            "min": 0.00145406624,
            "max": 0.021417259840000005,
            "count": 10
        },
        "playerMLAgent.IsTraining.mean": {
            "value": 1.0,
            "min": 1.0,
            "max": 1.0,
            "count": 10
        },
        "playerMLAgent.IsTraining.sum": {
            "value": 1.0,
            "min": 1.0,
            "max": 1.0,
            "count": 10
        }
    },
    "metadata": {
        "timer_format_version": "0.1.0",
        "start_time_seconds": "1729633262",
        "python_version": "3.9.13 (tags/v3.9.13:6de2ca5, May 17 2022, 16:36:42) [MSC v.1929 64 bit (AMD64)]",
        "command_line_arguments": "E:\\Unity\\GitHub\\topdown-shooter\\venv\\Scripts\\mlagents-learn --run-id=PlayerRegular --force",
        "mlagents_version": "0.30.0",
        "mlagents_envs_version": "0.30.0",
        "communication_protocol_version": "1.5.0",
        "pytorch_version": "2.3.1+cpu",
        "numpy_version": "1.21.2",
        "end_time_seconds": "1729636635"
    },
    "total": 3373.0903311999996,
    "count": 1,
    "self": 0.010169399999085726,
    "children": {
        "run_training.setup": {
            "total": 0.09857699999999969,
            "count": 1,
            "self": 0.09857699999999969
        },
        "TrainerController.start_learning": {
            "total": 3372.9815848000003,
            "count": 1,
            "self": 10.892438999977912,
            "children": {
                "TrainerController._reset_env": {
                    "total": 41.1964849,
                    "count": 1,
                    "self": 41.1964849
                },
                "TrainerController.advance": {
                    "total": 3320.8182833000224,
                    "count": 500064,
                    "self": 11.010252899985517,
                    "children": {
                        "env_step": {
                            "total": 3110.251671800139,
                            "count": 500064,
                            "self": 2325.3629726999193,
                            "children": {
                                "SubprocessEnvManager._take_step": {
                                    "total": 777.8218212000949,
                                    "count": 500064,
                                    "self": 37.62250520012606,
                                    "children": {
                                        "TorchPolicy.evaluate": {
                                            "total": 740.1993159999688,
                                            "count": 500064,
                                            "self": 740.1993159999688
                                        }
                                    }
                                },
                                "workers": {
                                    "total": 7.066877900124794,
                                    "count": 500064,
                                    "self": 0.0,
                                    "children": {
                                        "worker_root": {
                                            "total": 3317.827497499855,
                                            "count": 500064,
                                            "is_parallel": true,
                                            "self": 1534.5207833997742,
                                            "children": {
                                                "steps_from_proto": {
                                                    "total": 0.0006260000000040122,
                                                    "count": 1,
                                                    "is_parallel": true,