{"count":1,"self":62.793548799999996,"total":63.177555399999996,"children":{"InitializeActuators":{"count":2,"self":0.0019982999999999997,"total":0.0019982999999999997,"children":null},"InitializeSensors":{"count":2,"self":0.0029996999999999997,"total":0.0029996999999999997,"children":null},"AgentSendState":{"count":1585,"self":0.029014599999999998,"total":0.058023899999999996,"children":{"CollectObservations":{"count":304,"self":0.015009,"total":0.015009,"children":null},"WriteActionMask":{"count":304,"self":0.00099899999999999989,"total":0.00099899999999999989,"children":null},"RequestDecision":{"count":304,"self":0.013001299999999999,"total":0.013001299999999999,"children":null}}},"DecideAction":{"count":1585,"self":0.26195409999999997,"total":0.2659591,"children":{"RayPerceptionSensor.Perceive":{"count":304,"self":0.004005,"total":0.004005,"children":null}}},"AgentAct":{"count":1585,"self":0.055026,"total":0.055026,"children":null}},"gauges":{},"metadata":{"timer_format_version":"0.1.0","start_time_seconds":"1735748547","unity_version":"2022.3.21f1","command_line_arguments":"D:\\Unity\\2022.3.21f1\\Editor\\Unity.exe -projectpath E:\\Unity\\GitHub\\topdown-shooter -useHub -hubIPC -cloudEnvironment production -licensingIpc LicenseClient-radek.dev -hubSessionId 934a60d9-de06-4668-9079-02a06ed46b0b -accessToken dHPY-RsqdBzrcP5jRAdFvqGZS2SoYveZdZy-M8ZmLz0001f","communication_protocol_version":"1.5.0","com.unity.ml-agents_version":"2.0.1","scene_name":"game","end_time_seconds":"1735748610"}}