{"count":1,"self":30.2673632,"total":30.662813699999997,"children":{"InitializeActuators":{"count":1,"self":0.0019998999999999998,"total":0.0019998999999999998,"children":null},"InitializeSensors":{"count":1,"self":0.0030011,"total":0.0030011,"children":null},"AgentSendState":{"count":931,"self":0.0510068,"total":0.0740035,"children":{"CollectObservations":{"count":187,"self":0.0069965,"total":0.0069965,"children":null},"WriteActionMask":{"count":187,"self":0.0009995,"total":0.0009995,"children":null},"RequestDecision":{"count":187,"self":0.015000699999999999,"total":0.015000699999999999,"children":null}}},"DecideAction":{"count":931,"self":0.2594032,"total":0.2604029,"children":{"RayPerceptionSensor.Perceive":{"count":187,"self":0.00099969999999999985,"total":0.00099969999999999985,"children":null}}},"AgentAct":{"count":931,"self":0.056044399999999994,"total":0.056044399999999994,"children":null}},"gauges":{},"metadata":{"timer_format_version":"0.1.0","start_time_seconds":"1736209747","unity_version":"2022.3.21f1","command_line_arguments":"D:\\Unity\\2022.3.21f1\\Editor\\Unity.exe -projectpath E:\\Unity\\GitHub\\topdown-shooter -useHub -hubIPC -cloudEnvironment production -licensingIpc LicenseClient-radek.dev -hubSessionId ff59aa6b-dcf9-4a10-ad76-fc510f79250b -accessToken QK3EyZ2hdr3ZBfAgp_b7xX64Sk2rhFipKG0JOIma7-c001f","communication_protocol_version":"1.5.0","com.unity.ml-agents_version":"2.0.1","scene_name":"InitTestScene638718101779355008","end_time_seconds":"1736209778"}}