{"count":1,"self":32.3766624,"total":32.6385869,"children":{"InitializeActuators":{"count":1,"self":0.0019622,"total":0.0019622,"children":null},"InitializeSensors":{"count":1,"self":0.0040016999999999995,"total":0.0040016999999999995,"children":null},"AgentSendState":{"count":624,"self":0.010003399999999999,"total":0.0330884,"children":{"CollectObservations":{"count":125,"self":0.010003999999999999,"total":0.010003999999999999,"children":null},"WriteActionMask":{"count":125,"self":0,"total":0,"children":null},"RequestDecision":{"count":125,"self":0.013080999999999999,"total":0.013080999999999999,"children":null}}},"DecideAction":{"count":624,"self":0.1808864,"total":0.18288659999999998,"children":{"RayPerceptionSensor.Perceive":{"count":125,"self":0.0020001999999999997,"total":0.0020001999999999997,"children":null}}},"AgentAct":{"count":624,"self":0.039985099999999996,"total":0.039985099999999996,"children":null}},"gauges":{},"metadata":{"timer_format_version":"0.1.0","start_time_seconds":"1736212875","unity_version":"2022.3.21f1","command_line_arguments":"D:\\Unity\\2022.3.21f1\\Editor\\Unity.exe -projectpath E:\\Unity\\GitHub\\topdown-shooter -useHub -hubIPC -cloudEnvironment production -licensingIpc LicenseClient-radek.dev -hubSessionId ff59aa6b-dcf9-4a10-ad76-fc510f79250b -accessToken QK3EyZ2hdr3ZBfAgp_b7xX64Sk2rhFipKG0JOIma7-c001f","communication_protocol_version":"1.5.0","com.unity.ml-agents_version":"2.0.1","scene_name":"InitTestScene638718133078499366","end_time_seconds":"1736212908"}}