{
    "name": "root",
    "gauges": {
        "playerMLAgent.Policy.Entropy.mean": {
            "value": 1.8801201581954956,
            "min": 0.6811487078666687,
            "max": 2.160426616668701,
            "count": 26
        },
        "playerMLAgent.Policy.Entropy.sum": {
            "value": 94006.0078125,
            "min": 18058.615234375,
            "max": 108021.3359375,
            "count": 26
        },
        "playerMLAgent.Step.mean": {
            "value": 2049984.0,
            "min": 799984.0,
            "max": 2049984.0,
            "count": 26
        },
        "playerMLAgent.Step.sum": {
            "value": 2049984.0,
            "min": 799984.0,
            "max": 2049984.0,
            "count": 26
        },
        "playerMLAgent.Policy.ExtrinsicValueEstimate.mean": {
            "value": 2.504396915435791,
            "min": -2.6237740516662598,
            "max": 2.894404411315918,
            "count": 26
        },
        "playerMLAgent.Policy.ExtrinsicValueEstimate.sum": {
            "value": 2003.517578125,
            "min": -2099.019287109375,
            "max": 2315.5234375,
            "count": 26
        },
        "playerMLAgent.Environment.EpisodeLength.mean": {
            "value": 1999.0,
            "min": 1999.0,
            "max": 1999.0,
            "count": 26
        },
        "playerMLAgent.Environment.EpisodeLength.sum": {
            "value": 49975.0,
            "min": 25987.0,
            "max": 49975.0,
            "count": 26
        },
        "playerMLAgent.Environment.CumulativeReward.mean": {
            "value": 50.60160526692867,
            "min": 0.690400124937296,
            "max": 50.60160526692867,
            "count": 26
        },
        "playerMLAgent.Environment.CumulativeReward.sum": {
            "value": 1265.0401316732168,
            "min": 12.68000166118145,
            "max": 1265.0401316732168,
            "count": 26
        },
        "playerMLAgent.Policy.ExtrinsicReward.mean": {
            "value": 50.60160526692867,
            "min": 0.690400124937296,
            "max": 50.60160526692867,
            "count": 26
        },
        "playerMLAgent.Policy.ExtrinsicReward.sum": {
            "value": 1265.0401316732168,
            "min": 12.68000166118145,
            "max": 1265.0401316732168,
            "count": 26
        },
        "playerMLAgent.Losses.PolicyLoss.mean": {
            "value": 0.023453825878289838,
            "min": 0.021615876723080872,
            "max": 0.026051898997587464,
            "count": 26
        },
        "playerMLAgent.Losses.PolicyLoss.sum": {
            "value": 0.11726912939144919,
            "min": 0.048141580338900286,
            "max": 0.13025949498793732,
            "count": 26
        },
        "playerMLAgent.Losses.ValueLoss.mean": {
            "value": 0.5999316529432933,
            "min": 0.019686776368568342,
            "max": 1.1268330633640289,
            "count": 26
        },
        "playerMLAgent.Losses.ValueLoss.sum": {
            "value": 2.9996582647164667,
            "min": 0.039373552737136684,
            "max": 5.073176614443462,
            "count": 26
        },
        "playerMLAgent.Policy.LearningRate.mean": {
            "value": 0.00028784995605001597,
            "min": 0.00028784995605001597,
            "max": 0.00029526648157783997,
            "count": 26
        },
        "playerMLAgent.Policy.LearningRate.sum": {
            "value": 0.00143924978025008,
            "min": 0.0005905329631556799,
            "max": 0.0014752555282481596,
            "count": 26
        },
        "playerMLAgent.Policy.Epsilon.mean": {
            "value": 0.19594998400000002,
            "min": 0.19594998400000002,
            "max": 0.19842216000000007,
            "count": 26
        },
        "playerMLAgent.Policy.Epsilon.sum": {
            "value": 0.9797499200000002,
            "min": 0.39684432000000014,
            "max": 0.9917518399999999,
            "count": 26
        },
        "playerMLAgent.Policy.Beta.mean": {
            "value": 0.004797904201600001,
            "min": 0.004797904201600001,
            "max": 0.004921265784,
            "count": 26
        },
        "playerMLAgent.Policy.Beta.sum": {
            "value": 0.023989521008000003,
            "min": 0.009842531568,
            "max": 0.024588416816000002,
            "count": 26
        },
        "playerMLAgent.IsTraining.mean": {
            "value": 1.0,
            "min": 1.0,
            "max": 1.0,
            "count": 26
        },
        "playerMLAgent.IsTraining.sum": {
            "value": 1.0,
            "min": 1.0,
            "max": 1.0,
            "count": 26
        }
    },
    "metadata": {
        "timer_format_version": "0.1.0",
        "start_time_seconds": "1729642412",
        "python_version": "3.9.13 (tags/v3.9.13:6de2ca5, May 17 2022, 16:36:42) [MSC v.1929 64 bit (AMD64)]",
        "command_line_arguments": "E:\\Unity\\GitHub\\topdown-shooter\\venv\\Scripts\\mlagents-learn config\\playerMLAgent.yaml --run-id=PlayerRegular2 --resume",
        "mlagents_version": "0.30.0",
        "mlagents_envs_version": "0.30.0",
        "communication_protocol_version": "1.5.0",
        "pytorch_version": "2.3.1+cpu",
        "numpy_version": "1.21.2",
        "end_time_seconds": "1729650768"
    },
    "total": 8356.1754156,
    "count": 1,
    "self": 0.008897100002286606,
    "children": {
        "run_training.setup": {
            "total": 0.15627290000000027,
            "count": 1,
            "self": 0.15627290000000027
        },
        "TrainerController.start_learning": {
            "total": 8356.010245599999,
            "count": 1,
            "self": 27.24683880029079,
            "children": {
                "TrainerController._reset_env": {
                    "total": 10.7159516,
                    "count": 1,
                    "self": 10.7159516
                },
                "TrainerController.advance": {
                    "total": 8317.967273699709,
                    "count": 1287637,
                    "self": 27.707302800306934,
                    "children": {
                        "env_step": {
                            "total": 7793.024496799807,
                            "count": 1287637,
                            "self": 5797.860716099608,
                            "children": {
                                "SubprocessEnvManager._take_step": {
                                    "total": 1977.0083136002215,
                                    "count": 1287637,
                                    "self": 92.82303310008774,
                                    "children": {
                                        "TorchPolicy.evaluate": {
                                            "total": 1884.1852805001338,
                                            "count": 1287637,
                                            "self": 1884.1852805001338
                                        }
                                    }
                                },
                                "workers": {
                                    "total": 18.155467099977574,
                                    "count": 1287636,
                                    "self": 0.0,
                                    "children": {
                                        "worker_root": {
                                            "total": 8297.163095699907,
                                            "count": 1287636,
                                            "is_parallel": true,
                                            "self": 3900.230963200129,
                                            "children": {
                                                "steps_from_proto": {
                                                    "total": 0.0005707000000008122,
                                                    "count": 1,