{
    "name": "root",
    "metadata": {
        "timer_format_version": "0.1.0",
        "start_time_seconds": "1719956549",
        "python_version": "3.9.13 (tags/v3.9.13:6de2ca5, May 17 2022, 16:36:42) [MSC v.1929 64 bit (AMD64)]",
        "command_line_arguments": "E:\\Unity\\GitHub\\topdown-shooter\\venv\\Scripts\\mlagents-learn --run-id=test1",
        "mlagents_version": "0.30.0",
        "mlagents_envs_version": "0.30.0",
        "communication_protocol_version": "1.5.0",
        "pytorch_version": "2.3.1+cpu",
        "numpy_version": "1.21.2",
        "end_time_seconds": "1719956695"
    },
    "total": 146.1412626,
    "count": 1,
    "self": 0.012884299999996074,
    "children": {
        "run_training.setup": {
            "total": 0.03952029999999995,
            "count": 1,
            "self": 0.03952029999999995
        },
        "TrainerController.start_learning": {
            "total": 146.08885800000002,
            "count": 1,
            "self": 0.00023380000001793633,
            "children": {
                "TrainerController._reset_env": {
                    "total": 21.389864600000003,
                    "count": 1,
                    "self": 21.389864600000003
                },
                "TrainerController.advance": {
                    "total": 124.4865868,
                    "count": 1,
                    "self": 1.9100000002936213e-05,
                    "children": {
                        "env_step": {
                            "total": 124.4865677,
                            "count": 1,
                            "self": 124.486559,
                            "children": {
                                "SubprocessEnvManager._take_step": {
                                    "total": 8.700000002193065e-06,
                                    "count": 1,
                                    "self": 8.700000002193065e-06
                                }
                            }
                        }
                    }
                },
                "TrainerController._save_models": {
                    "total": 0.2121727999999905,
                    "count": 1,
                    "self": 0.021958399999988387,
                    "children": {
                        "RLTrainer._checkpoint": {
                            "total": 0.19021440000000212,
                            "count": 1,
                            "self": 0.19021440000000212
                        }
                    }
                }
            }
        }
    }
}