{
    "name": "root",
    "gauges": {
        "playerMLAgent.Policy.Entropy.mean": {
            "value": -4.037590503692627,
            "min": -4.037590503692627,
            "max": 0.46620726585388184,
            "count": 10
        },
        "playerMLAgent.Policy.Entropy.sum": {
            "value": -40234.58984375,
            "min": -40234.58984375,
            "max": 4673.26171875,
            "count": 10
        },
        "playerMLAgent.Step.mean": {
            "value": 99954.0,
            "min": 9960.0,
            "max": 99954.0,
            "count": 10
        },
        "playerMLAgent.Step.sum": {
            "value": 99954.0,
            "min": 9960.0,
            "max": 99954.0,
            "count": 10
        },
        "playerMLAgent.Policy.ExtrinsicValueEstimate.mean": {
            "value": 1.5729713439941406,
            "min": 0.06179361417889595,
            "max": 2.126350164413452,
            "count": 10
        },
        "playerMLAgent.Policy.ExtrinsicValueEstimate.sum": {
            "value": 251.6754150390625,
            "min": 9.886978149414062,
            "max": 340.2160339355469,
            "count": 10
        },
        "playerMLAgent.Policy.GailValueEstimate.mean": {
            "value": 15.612005233764648,
            "min": 15.612005233764648,
            "max": 41.585182189941406,
            "count": 10
        },
        "playerMLAgent.Policy.GailValueEstimate.sum": {
            "value": 2497.9208984375,
            "min": 2497.9208984375,
            "max": 6653.62939453125,
            "count": 10
        },
        "playerMLAgent.Losses.PolicyLoss.mean": {
            "value": 0.33018849460039146,
            "min": 0.2829445780519112,
            "max": 0.33261714851436935,
            "count": 10
        },
        "playerMLAgent.Losses.PolicyLoss.sum": {
            "value": 25.754702578830532,
            "min": 21.78673250999716,
            "max": 25.92713019127272,
            "count": 10
        },
        "playerMLAgent.Losses.ValueLoss.mean": {
            "value": 8.472539396012268,
            "min": 8.472539396012268,
            "max": 33.42573963118626,
            "count": 10
        },
        "playerMLAgent.Losses.ValueLoss.sum": {
            "value": 660.8580728889568,
            "min": 660.8580728889568,
            "max": 2573.781951601342,
            "count": 10
        },
        "playerMLAgent.Policy.LearningRate.mean": {
            "value": 0.00024299279592548454,
            "min": 0.00024299279592548454,
            "max": 0.00029696506854411174,
            "count": 10
        },
        "playerMLAgent.Policy.LearningRate.sum": {
            "value": 0.018953438082187794,
            "min": 0.018953438082187794,
            "max": 0.022866310277896602,
            "count": 10
        },
        "playerMLAgent.Policy.Epsilon.mean": {
            "value": 0.18099759230769233,
            "min": 0.18099759230769233,
            "max": 0.1989883558441559,
            "count": 10
        },
        "playerMLAgent.Policy.Epsilon.sum": {
            "value": 14.117812200000001,
            "min": 14.117812200000001,
            "max": 15.322103400000003,
            "count": 10
        },
        "playerMLAgent.Policy.Beta.mean": {
            "value": 0.0005000000000000001,
            "min": 0.0005000000000000001,
            "max": 0.0005000000000000001,
            "count": 10
        },
        "playerMLAgent.Policy.Beta.sum": {
            "value": 0.03900000000000001,
            "min": 0.038500000000000006,
            "max": 0.03900000000000001,
            "count": 10
        },
        "playerMLAgent.Policy.GAILPolicyEstimate.mean": {
            "value": 0.18825511826784305,
            "min": 0.17156256460002814,
            "max": 0.2327111326528243,
            "count": 10
        },
        "playerMLAgent.Policy.GAILPolicyEstimate.sum": {
            "value": 14.683899224891759,
            "min": 13.381880038802196,
            "max": 17.918757214267472,
            "count": 10
        },
        "playerMLAgent.Policy.GAILExpertEstimate.mean": {
            "value": 0.8603844404979143,
            "min": 0.8053158731990915,
            "max": 0.8836518273265455,
            "count": 10
        },
        "playerMLAgent.Policy.GAILExpertEstimate.sum": {
            "value": 67.10998635883732,
            "min": 62.00932223633004,
            "max": 68.92484253147055,
            "count": 10
        },
        "playerMLAgent.Losses.GAILLoss.mean": {
            "value": 0.40615072051984785,
            "min": 0.3736186620423598,
            "max": 0.5380975011556708,
            "count": 10
        },
        "playerMLAgent.Losses.GAILLoss.sum": {
            "value": 31.679756200548134,
            "min": 29.142255639304064,
            "max": 41.43350758898665,
            "count": 10
        },
        "playerMLAgent.Policy.GAILGradMagLoss.mean": {
            "value": 0.27372063757628723,
            "min": 0.27372063757628723,
            "max": 0.8615813473482403,
            "count": 10
        },
        "playerMLAgent.Policy.GAILGradMagLoss.sum": {
            "value": 21.350209730950404,
            "min": 21.350209730950404,
            "max": 66.3417637458145,
            "count": 10
        },
        "playerMLAgent.Losses.PretrainingLoss.mean": {
            "value": 0.06510701006861469,
            "min": 0.06510701006861469,
            "max": 0.36592083565917577,
            "count": 10
        },
        "playerMLAgent.Losses.PretrainingLoss.sum": {
            "value": 5.078346785351946,
            "min": 5.078346785351946,
            "max": 28.175904345756535,
            "count": 10
        },
        "playerMLAgent.Environment.EpisodeLength.mean": {
            "value": 1212.625,
            "min": 1077.7777777777778,
            "max": 1507.0,
            "count": 10
        },
        "playerMLAgent.Environment.EpisodeLength.sum": {
            "value": 9701.0,
            "min": 8674.0,
            "max": 10712.0,
            "count": 10
        },
        "playerMLAgent.Environment.CumulativeReward.mean": {
            "value": 21.08716684533283,
            "min": 15.19022241855661,
            "max": 28.97314292564988,
            "count": 10
        },
        "playerMLAgent.Environment.CumulativeReward.sum": {
            "value": 168.69733476266265,
            "min": 105.02799942344427,
            "max": 202.81200047954917,
            "count": 10
        },
        "playerMLAgent.Policy.ExtrinsicReward.mean": {
            "value": 21.08716684533283,
            "min": 15.19022241855661,
            "max": 28.97314292564988,
            "count": 10
        },
        "playerMLAgent.Policy.ExtrinsicReward.sum": {
            "value": 168.69733476266265,
            "min": 105.02799942344427,
            "max": 202.81200047954917,
            "count": 10
        },
        "playerMLAgent.Policy.GailReward.mean": {
            "value": 303.3115041574347,
            "min": 270.56032090401277,
            "max": 463.74650264850686,
            "count": 10
        },
        "playerMLAgent.Policy.GailReward.sum": {
            "value": 2426.4920332594775,
            "min": 2164.482567232102,
            "max": 3246.225518539548,
            "count": 10
        },
        "playerMLAgent.IsTraining.mean": {
            "value": 1.0,
            "min": 1.0,
            "max": 1.0,
            "count": 10
        },
        "playerMLAgent.IsTraining.sum": {
            "value": 1.0,
            "min": 1.0,
            "max": 1.0,
            "count": 10
        }
    },
    "metadata": {
        "timer_format_version": "0.1.0",
        "start_time_seconds": "1729540861",
        "python_version": "3.9.13 (tags/v3.9.13:6de2ca5, May 17 2022, 16:36:42) [MSC v.1929 64 bit (AMD64)]",