{
    "name": "root",
    "metadata": {
        "timer_format_version": "0.1.0",
        "start_time_seconds": "1729640173",
        "python_version": "3.9.13 (tags/v3.9.13:6de2ca5, May 17 2022, 16:36:42) [MSC v.1929 64 bit (AMD64)]",
        "command_line_arguments": "E:\\Unity\\GitHub\\topdown-shooter\\venv\\Scripts\\mlagents-learn --initialize-from=PlayerRegular2 --run-id=PlayerRegular3",
        "mlagents_version": "0.30.0",
        "mlagents_envs_version": "0.30.0",
        "communication_protocol_version": "1.5.0",
        "pytorch_version": "2.3.1+cpu",
        "numpy_version": "1.21.2",
        "end_time_seconds": "1729640236"
    },
    "total": 62.73299540000001,
    "count": 1,
    "self": 0.006854400000008809,
    "children": {
        "run_training.setup": {
            "total": 0.10250409999999999,
            "count": 1,
            "self": 0.10250409999999999
        },
        "TrainerController.start_learning": {
            "total": 62.6236369,
            "count": 1,
            "self": 0.07224579999992642,
            "children": {
                "TrainerController._reset_env": {
                    "total": 32.0719127,
                    "count": 1,
                    "self": 32.0719127
                },
                "TrainerController.advance": {
                    "total": 30.33687210000008,
                    "count": 3464,
                    "self": 0.08156559999984125,
                    "children": {
                        "env_step": {
                            "total": 29.887898200000073,
                            "count": 3464,
                            "self": 23.991507999999932,
                            "children": {
                                "SubprocessEnvManager._take_step": {
                                    "total": 5.848493300000143,
                                    "count": 3464,
                                    "self": 0.27366080000015813,
                                    "children": {
                                        "TorchPolicy.evaluate": {
                                            "total": 5.574832499999985,
                                            "count": 3464,
                                            "self": 5.574832499999985
                                        }
                                    }
                                },
                                "workers": {
                                    "total": 0.0478968999999978,
                                    "count": 3463,
                                    "self": 0.0,
                                    "children": {
                                        "worker_root": {
                                            "total": 25.59549820000009,
                                            "count": 3463,
                                            "is_parallel": true,
                                            "self": 11.893898299999677,
                                            "children": {
                                                "steps_from_proto": {
                                                    "total": 0.0005755000000000621,
                                                    "count": 1,
                                                    "is_parallel": true,
                                                    "self": 0.0002761999999982834,
                                                    "children": {
                                                        "_process_rank_one_or_two_observation": {
                                                            "total": 0.0002993000000017787,
                                                            "count": 4,
                                                            "is_parallel": true,
                                                            "self": 0.0002993000000017787
                                                        }
                                                    }
                                                },
                                                "UnityEnvironment.step": {
                                                    "total": 13.701024400000414,
                                                    "count": 3463,
                                                    "is_parallel": true,
                                                    "self": 0.3171487000001463,
                                                    "children": {
                                                        "UnityEnvironment._generate_step_input": {
                                                            "total": 0.27606750000023794,
                                                            "count": 3463,
                                                            "is_parallel": true,
                                                            "self": 0.27606750000023794
                                                        },
                                                        "communicator.exchange": {
                                                            "total": 11.950199300000065,
                                                            "count": 3463,
                                                            "is_parallel": true,
                                                            "self": 11.950199300000065
                                                        },
                                                        "steps_from_proto": {
                                                            "total": 1.157608899999964,
                                                            "count": 3463,
                                                            "is_parallel": true,
                                                            "self": 0.6077359999995551,
                                                            "children": {
                                                                "_process_rank_one_or_two_observation": {
                                                                    "total": 0.549872900000409,
                                                                    "count": 13852,
                                                                    "is_parallel": true,
                                                                    "self": 0.549872900000409
                                                                }
                                                            }
                                                        }
                                                    }
                                                }
                                            }
                                        }
                                    }
                                }
                            }
                        },
                        "trainer_advance": {
                            "total": 0.36740830000016445,
                            "count": 3463,
                            "self": 0.09566210000029685,
                            "children": {
                                "process_trajectory": {
                                    "total": 0.2717461999998676,
                                    "count": 3463,
                                    "self": 0.2717461999998676
                                }
                            }
                        }
                    }
                },
                "trainer_threads": {
                    "total": 1.1999999998124622e-06,
                    "count": 1,
                    "self": 1.1999999998124622e-06
                },
                "TrainerController._save_models": {
                    "total": 0.14260509999999726,
                    "count": 1,
                    "self": 0.013811899999993216,