{
    "name": "root",
    "metadata": {
        "timer_format_version": "0.1.0",
        "start_time_seconds": "1719956313",
        "python_version": "3.9.13 (tags/v3.9.13:6de2ca5, May 17 2022, 16:36:42) [MSC v.1929 64 bit (AMD64)]",
        "command_line_arguments": "E:\\Unity\\GitHub\\topdown-shooter\\venv\\Scripts\\mlagents-learn --force",
        "mlagents_version": "0.30.0",
        "mlagents_envs_version": "0.30.0",
        "communication_protocol_version": "1.5.0",
        "pytorch_version": "2.3.1+cpu",
        "numpy_version": "1.21.2",
        "end_time_seconds": "1719956428"
    },
    "total": 115.1195007,
    "count": 1,
    "self": 0.006134799999998108,
    "children": {
        "run_training.setup": {
            "total": 0.037558699999999945,
            "count": 1,
            "self": 0.037558699999999945
        },
        "TrainerController.start_learning": {
            "total": 115.0758072,
            "count": 1,
            "self": 0.00037230000000931796,
            "children": {
                "TrainerController._reset_env": {
                    "total": 20.498267,
                    "count": 1,
                    "self": 20.498267
                },
                "TrainerController.advance": {
                    "total": 94.47272079999999,
                    "count": 1,
                    "self": 1.699999999971169e-05,
                    "children": {
                        "env_step": {
                            "total": 94.47270379999999,
                            "count": 1,
                            "self": 94.4726829,
                            "children": {
                                "SubprocessEnvManager._take_step": {
                                    "total": 2.0899999991996765e-05,
                                    "count": 2,
                                    "self": 2.0899999991996765e-05
                                }
                            }
                        }
                    }
                },
                "trainer_threads": {
                    "total": 1.4000000021496817e-06,
                    "count": 1,
                    "self": 1.4000000021496817e-06
                },
                "TrainerController._save_models": {
                    "total": 0.10444569999999942,
                    "count": 1,
                    "self": 0.01192840000000217,
                    "children": {
                        "RLTrainer._checkpoint": {
                            "total": 0.09251729999999725,
                            "count": 1,
                            "self": 0.09251729999999725
                        }
                    }
                }
            }
        }
    }
}