{
    "name": "root",
    "metadata": {
        "timer_format_version": "0.1.0",
        "start_time_seconds": "1729618375",
        "python_version": "3.9.13 (tags/v3.9.13:6de2ca5, May 17 2022, 16:36:42) [MSC v.1929 64 bit (AMD64)]",
        "command_line_arguments": "E:\\Unity\\GitHub\\topdown-shooter\\venv\\Scripts\\mlagents-learn config/playerMLAgent.yaml --run-id=PlayerAggresive --force",
        "mlagents_version": "0.30.0",
        "mlagents_envs_version": "0.30.0",
        "communication_protocol_version": "1.5.0",
        "pytorch_version": "2.3.1+cpu",
        "numpy_version": "1.21.2",
        "end_time_seconds": "1729618482"
    },
    "total": 107.12776840000001,
    "count": 1,
    "self": 0.007129399999996622,
    "children": {
        "run_training.setup": {
            "total": 0.17261719999999992,
            "count": 1,
            "self": 0.17261719999999992
        },
        "TrainerController.start_learning": {
            "total": 106.9480218,
            "count": 1,
            "self": 0.10259089999925664,
            "children": {
                "TrainerController._reset_env": {
                    "total": 12.5782281,
                    "count": 1,
                    "self": 11.7396353,
                    "children": {
                        "demo_to_buffer": {
                            "total": 0.8385928000000007,
                            "count": 2,
                            "self": 0.00010999999999938836,
                            "children": {
                                "load_demonstration": {
                                    "total": 0.010244300000000095,
                                    "count": 2,
                                    "self": 0.009871700000001482,
                                    "children": {
                                        "read_file": {
                                            "total": 0.00037259999999861293,
                                            "count": 2,
                                            "self": 0.00037259999999861293
                                        }
                                    }
                                },
                                "make_demo_buffer": {
                                    "total": 0.8282385000000012,
                                    "count": 2,
                                    "self": 0.11686500000003086,
                                    "children": {
                                        "steps_from_proto": {
                                            "total": 0.7113734999999703,
                                            "count": 2696,
                                            "self": 0.36518859999987896,
                                            "children": {
                                                "_process_rank_one_or_two_observation": {
                                                    "total": 0.3461849000000914,
                                                    "count": 16176,
                                                    "self": 0.3461849000000914
                                                }
                                            }
                                        }
                                    }
                                }
                            }
                        }
                    }
                },
                "TrainerController.advance": {
                    "total": 94.13250460000074,
                    "count": 4880,
                    "self": 0.10689260000089007,
                    "children": {
                        "env_step": {
                            "total": 39.57702669999975,
                            "count": 4880,
                            "self": 31.949251599999265,
                            "children": {
                                "SubprocessEnvManager._take_step": {
                                    "total": 7.564389500000104,
                                    "count": 4880,
                                    "self": 0.35936659999990894,
                                    "children": {
                                        "TorchPolicy.evaluate": {
                                            "total": 7.205022900000195,
                                            "count": 4877,
                                            "self": 7.205022900000195
                                        }
                                    }
                                },
                                "workers": {
                                    "total": 0.0633856000003803,
                                    "count": 4879,
                                    "self": 0.0,
                                    "children": {
                                        "worker_root": {
                                            "total": 91.75758580000044,
                                            "count": 4879,
                                            "is_parallel": true,
                                            "self": 69.8121406000004,
                                            "children": {
                                                "steps_from_proto": {
                                                    "total": 0.0005626000000003017,
                                                    "count": 1,
                                                    "is_parallel": true,
                                                    "self": 0.0002328999999967607,
                                                    "children": {
                                                        "_process_rank_one_or_two_observation": {
                                                            "total": 0.00032970000000354105,
                                                            "count": 6,
                                                            "is_parallel": true,
                                                            "self": 0.00032970000000354105
                                                        }
                                                    }
                                                },
                                                "UnityEnvironment.step": {
                                                    "total": 21.944882600000035,
                                                    "count": 4879,
                                                    "is_parallel": true,
                                                    "self": 0.4457630999998301,
                                                    "children": {
                                                        "UnityEnvironment._generate_step_input": {
                                                            "total": 0.3748066000000616,
                                                            "count": 4879,
                                                            "is_parallel": true,
                                                            "self": 0.3748066000000616
                                                        },
                                                        "communicator.exchange": {
                                                            "total": 19.2898606999998,
                                                            "count": 4879,
                                                            "is_parallel": true,
                                                            "self": 19.2898606999998
                                                        },
                                                        "steps_from_proto": {
                                                            "total": 1.8344522000003405,
                                                            "count": 4879,
                                                            "is_parallel": true,